[
  {
    "id": "39bc4a80-9abf-441f-adfa-a764fb3b4196",
    "data": [
      {
        "text": "reminder to take ",
        "userDefined": false
      },
      {
        "text": "butenol",
        "meta": "@sys.any",
        "alias": "any",
        "userDefined": true
      },
      {
        "text": " ",
        "userDefined": false
      },
      {
        "text": "tomorrow at noon",
        "meta": "@sys.date-time",
        "alias": "date-time",
        "userDefined": false
      }
    ],
    "isTemplate": false,
    "count": 0,
    "lang": "en",
    "updated": 0
  },
  {
    "id": "6c968424-e6ba-4643-9820-677237c05806",
    "data": [
      {
        "text": "can you set a reminder for me to take ",
        "userDefined": false
      },
      {
        "text": "paracetamol",
        "meta": "@sys.any",
        "alias": "any",
        "userDefined": true
      },
      {
        "text": " ",
        "userDefined": false
      },
      {
        "text": "at 4pm on tuesday",
        "meta": "@sys.date-time",
        "alias": "date-time",
        "userDefined": false
      }
    ],
    "isTemplate": false,
    "count": 0,
    "lang": "en",
    "updated": 0
  },
  {
    "id": "7d8d78fb-24ab-4abb-9635-b7110da61471",
    "data": [
      {
        "text": "set a reminder to take ",
        "userDefined": false
      },
      {
        "text": "aspirin",
        "meta": "@sys.any",
        "alias": "any",
        "userDefined": true
      },
      {
        "text": " ",
        "userDefined": false
      },
      {
        "text": "today at 5pm",
        "meta": "@sys.date-time",
        "alias": "date-time",
        "userDefined": false
      }
    ],
    "isTemplate": false,
    "count": 0,
    "lang": "en",
    "updated": 0
  }
]